match_id,innings,over,ball,striker,non_striker,bowler,runs,extras,wicket,wicket_type,fielder,runout_by,batting_team,timestamp,runs_bat,extra_runs,is_wide,is_no_ball,counts_as_ball
1,1,4,6,roopesh,vinay,sam,4.0,2.0,0,none,,vinay,roope,,,,,,
2,2,4,3,roope,roope,vinay,6.0,0.0,0,none,roope,roopesh,kosmo,,,,,,
2,1,4,3,aman,ashok,w,1.0,1.0,0,none,,vinay,kosmo,,,,,,
1,1,0,6,aman,vinay,sam,5.0,1.0,0,none,ashok,,kosmo,,,,,,
1,1,0,2,ashok,roopesh,w,2.0,0.0,0,none,roope,roopesh,kosmo,,,,,,
2,1,2,1,vinay,roopesh,vinay,6.0,2.0,1,run out,ashok,vinay,kosmo,,,,,,
1,1,1,6,aman,roopesh,vinay,5.0,2.0,1,caught,roope,roopesh,kosmo,,,,,,
1,2,1,2,roopesh,roope,vinay,0.0,2.0,0,none,,vinay,roope,,,,,,
1,2,0,1,vinay,vinay,sam,4.0,0.0,0,none,ashok,vinay,kosmo,,,,,,
1,2,3,5,ashok,roope,w,2.0,2.0,0,none,roope,,roope,,,,,,
1,1,2,5,sam,ashok,vinay,5.0,0.0,0,none,ashok,roopesh,kosmo,,,,,,
1,2,0,4,vinay,vinay,w,5.0,1.0,1,caught,roopesh,,kosmo,,,,,,
1,1,1,4,vinay,vinay,sam,3.0,2.0,0,none,roopesh,,kosmo,,,,,,
2,1,0,3,vinay,sam,sam,4.0,2.0,0,none,roopesh,vinay,kosmo,,,,,,
1,1,0,4,sam,roope,vinay,4.0,2.0,0,none,,,kosmo,,,,,,
1,2,3,4,aman,ashok,sam,2.0,1.0,0,none,ashok,vinay,roope,,,,,,
1,1,2,1,ashok,roope,sam,0.0,0.0,0,none,roopesh,vinay,kosmo,,,,,,
1,2,2,2,ashok,sam,w,4.0,2.0,0,none,roopesh,vinay,roope,,,,,,
1,1,1,5,sam,sam,vinay,2.0,0.0,0,none,roopesh,roopesh,roope,,,,,,
1,2,2,4,aman,roope,vinay,5.0,0.0,0,none,ashok,vinay,roope,,,,,,
2,2,2,4,roope,aman,w,0.0,0.0,0,none,roope,roopesh,kosmo,,,,,,
2,1,3,3,sam,sam,w,3.0,0.0,0,none,roopesh,vinay,roope,,,,,,
2,1,2,5,vinay,vinay,vinay,2.0,2.0,0,none,roope,roopesh,kosmo,,,,,,
1,2,3,4,ashok,roope,vinay,4.0,2.0,0,none,,,roope,,,,,,
1,1,0,2,roopesh,aman,w,0.0,2.0,0,none,ashok,,kosmo,,,,,,
1,1,4,1,vinay,ashok,sam,2.0,2.0,0,none,roope,,roope,,,,,,
1,1,4,4,ashok,vinay,vinay,0.0,0.0,0,none,roope,roopesh,roope,,,,,,
1,1,0,6,ashok,sam,w,2.0,0.0,0,none,roope,vinay,roope,,,,,,
1,1,3,5,roope,aman,w,0.0,1.0,0,none,ashok,,kosmo,,,,,,
2,1,2,2,aman,vinay,vinay,3.0,1.0,0,none,roopesh,,roope,,,,,,
1,1,1,2,roope,roopesh,ww,0.0,,Yes,Bowled,,,roope,,,,,,
1,1,1,3,roopeshe,roope,ww,0.0,,Yes,Bowled,,,roope,,,,,,
1,1,1,4,roopesh,roope,ww,0.0,,Yes,Bowled,,,roope,,,,,,
1,1,1,5,roopeshe,roope,ww,0.0,,Yes,Bowled,,,roope,,,,,,
1,1,1,6,roope,roopesh,wwe,0.0,,Yes,Bowled,,,roope,,,,,,
1,1,2,1,roopeshe,roope,wwe,0.0,,Yes,Bowled,,,roope,,,,,,
1,1,2,2,roopesh,roope,wwe,0.0,,Yes,Bowled,,,roope,,,,,,
1,1,2,3,roopeshe,roope,wwe,0.0,,Yes,Bowled,,,roope,,,,,,
1,1,2,4,roopesh,roope,wwe,0.0,,Yes,Bowled,,,roope,,,,,,
1,1,2,5,roopeshe,roope,wwe,0.0,,Yes,Bowled,,,roope,,,,,,
1,2,0,1,ww,wwe,roope,0.0,,No,,,,roopendra,,,,,,
1,2,0,2,ww,wwe,roope,0.0,,No,,,,roopendra,,,,,,
1,2,0,3,ww,wwe,roope,1.0,,No,,,,roopendra,,,,,,
1,2,0,4,wwe,ww,roope,1.0,,No,,,,roopendra,,,,,,
1,2,0,5,wwe,ww,roopesh,1.0,,No,,,,roopendra,,,,,,
1,2,0,6,ww,wwe,roopesh,1.0,,No,,,,roopendra,,,,,,
1,2,1,1,wwe,ww,roopesh,1.0,,No,,,,roopendra,,,,,,
1,2,1,2,ww,wwe,roopesh,1.0,,No,,,,roopendra,,,,,,
1,2,1,3,wwe,ww,roopesh,1.0,,No,,,,roopendra,,,,,,
1,2,1,4,ww,wwe,roopesh,0.0,,No,,,,roopendra,,,,,,
1,2,1,5,wwe,ww,roope,0.0,,No,,,,roopendra,,,,,,
1,2,1,6,wwe,ww,roope,0.0,,No,,,,roopendra,,,,,,
1,2,2,1,wwe,ww,roope,0.0,,No,,,,roopendra,,,,,,
1,2,2,2,wwe,ww,roope,0.0,,No,,,,roopendra,,,,,,
1,2,2,3,wwe,ww,roope,0.0,,No,,,,roopendra,,,,,,
1,2,2,4,wwe,ww,roope,0.0,,No,,,,roopendra,,,,,,
1,2,2,5,ww,wwe,roopesh,0.0,,No,,,,roopendra,,,,,,
1,2,2,6,ww,wwe,roopesh,6.0,,No,,,,roopendra,,,,,,
1,2,3,1,ww,wwe,roopesh,6.0,,No,,,,roopendra,,,,,,
4,1,0,1,1111,11111,1,0.0,,No,,,,ggd,,,,,,
4,1,0,2,1111,11111,1,2.0,,No,,,,ggd,,,,,,
4,1,0,3,1111,11111,1,2.0,,No,,,,ggd,,,,,,
4,1,0,4,1111,11111,1,2.0,,No,,,,ggd,,,,,,
4,1,0,5,1111,11111,1,2.0,,No,,,,ggd,,,,,,
4,1,0,6,1111,11111,1,2.0,,No,,,,ggd,,,,,,
4,1,1,1,11111,1111,11,2.0,,No,,,,ggd,,,,,,
4,1,1,2,11111,1111,11,2.0,,No,,,,ggd,,,,,,
4,1,1,3,11111,1111,11,2.0,,No,,,,ggd,,,,,,
4,1,1,4,11111,1111,11,2.0,,No,,,,ggd,,,,,,
4,1,1,5,11111,1111,11,2.0,,No,,,,ggd,,,,,,
4,1,1,6,11111,1111,11,0.0,,Yes,Bowled,,,ggd,,,,,,
4,1,2,1,1111,11111,1,0.0,,Yes,Bowled,,,ggd,,,,,,
4,1,2,2,111111,1111,1,0.0,,Yes,Bowled,,,ggd,,,,,,
4,1,2,3,11111,1111,1,0.0,,Yes,Bowled,,,ggd,,,,,,
4,1,2,4,111111,1111,1,0.0,,Yes,Bowled,,,ggd,,,,,,
4,1,2,5,11111,1111,1,0.0,,Yes,Bowled,,,ggd,,,,,,
4,1,2,6,111111,1111,1,0.0,,Yes,Bowled,,,ggd,,,,,,
4,1,3,1,1111,11111,11,0.0,,Yes,Bowled,,,ggd,,,,,,
4,1,3,2,111111,1111,11,0.0,,Yes,Bowled,,,ggd,,,,,,
4,1,3,3,11111,1111,11,0.0,,Yes,Bowled,,,ggd,,,,,,
4,2,0,1,1,11,1111,0.0,,No,,,,gg,,,,,,
4,2,0,2,1,11,1111,0.0,,No,,,,gg,,,,,,
4,2,0,3,1,11,1111,0.0,,No,,,,gg,,,,,,
4,2,0,4,1,11,1111,0.0,,No,,,,gg,,,,,,
4,2,0,5,1,11,1111,1.0,,No,,,,gg,,,,,,
4,2,0,6,11,1,1111,1.0,,No,,,,gg,,,,,,
4,2,1,1,11,1,11111,1.0,,No,,,,gg,,,,,,
4,2,1,2,1,11,11111,1.0,,No,,,,gg,,,,,,
4,2,1,3,11,1,11111,1.0,,No,,,,gg,,,,,,
4,2,1,4,1,11,11111,1.0,,No,,,,gg,,,,,,
4,2,1,5,11,1,11111,1.0,,No,,,,gg,,,,,,
4,2,1,6,1,11,11111,1.0,,No,,,,gg,,,,,,
4,2,2,1,1,11,1111,1.0,,No,,,,gg,,,,,,
4,2,2,2,11,1,1111,1.0,,No,,,,gg,,,,,,
4,2,2,3,1,11,1111,1.0,,No,,,,gg,,,,,,
4,2,2,4,11,1,1111,1.0,,No,,,,gg,,,,,,
4,2,2,5,1,11,1111,1.0,,No,,,,gg,,,,,,
4,2,2,6,11,1,1111,1.0,,No,,,,gg,,,,,,
4,2,3,1,11,1,11111,1.0,,No,,,,gg,,,,,,
4,2,3,2,1,11,11111,1.0,,No,,,,gg,,,,,,
4,2,3,3,11,1,11111,0.0,,Yes,Bowled,,,gg,,,,,,
4,2,3,4,111,1,11111,0.0,,Yes,Bowled,,,gg,,,,,,
4,2,3,5,11,1,11111,0.0,,Yes,Bowled,,,gg,,,,,,
4,2,3,6,111,1,11111,0.0,,Yes,Bowled,,,gg,,,,,,
4,2,4,1,1,11,1111,0.0,,Yes,Bowled,,,gg,,,,,,
4,2,4,2,111,1,1111,0.0,,Yes,Bowled,,,gg,,,,,,
4,2,4,3,11,1,1111,0.0,,Yes,Bowled,,,gg,,,,,,
4,2,4,4,111,1,1111,0.0,,Yes,Bowled,,,gg,,,,,,
4,2,4,5,11,1,1111,0.0,,Yes,Bowled,,,gg,,,,,,
4,2,4,6,111,1,1111,0.0,,Yes,Bowled,,,gg,,,,,,
2,1,0,1,1,11,111,0.0,,No,,,,q,,,,,,
2,1,0,2,1,11,111,0.0,,No,,,,q,,,,,,
2,1,0,3,1,11,111,0.0,,No,,,,q,,,,,,
2,1,0,4,1,11,111,5.0,,No,,,,q,,,,,,
2,1,0,5,11,1,111,5.0,,No,,,,q,,,,,,
2,1,0,6,1,11,111,1.0,,No,,,,q,,,,,,
2,1,1,1,1,11,1111,1.0,,No,,,,q,,,,,,
2,1,1,2,11,1,1111,1.0,,No,,,,q,,,,,,
2,1,1,3,1,11,1111,1.0,,Yes,Bowled,,,q,,,,,,
2,1,1,4,111,1,1111,1.0,,Yes,Bowled,,,q,,,,,,
2,1,1,5,11,1,1111,1.0,,Yes,Bowled,,,q,,,,,,
2,1,1,6,111,1,1111,1.0,,Yes,Bowled,,,q,,,,,,
2,1,2,1,1,11,111,1.0,,Yes,Bowled,,,q,,,,,,
2,1,2,2,111,1,111,1.0,,Yes,Bowled,,,q,,,,,,
2,1,2,3,11,1,111,1.0,,Yes,Bowled,,,q,,,,,,
2,1,2,4,111,1,111,1.0,,Yes,Bowled,,,q,,,,,,
2,1,2,5,11,1,111,0.0,,Yes,Bowled,,,q,,,,,,
2,1,2,6,111,1,111,0.0,,Yes,Bowled,,,q,,,,,,
2,2,0,1,111,1111,1,0.0,,No,,,,w,,,,,,
2,2,0,2,111,1111,1,3.0,,No,,,,w,,,,,,
2,2,0,3,1111,111,1,3.0,,No,,,,w,,,,,,
2,2,0,4,111,1111,1,3.0,,No,,,,w,,,,,,
2,2,0,5,111,1111,11,3.0,,No,,,,w,,,,,,
2,2,0,6,1111,111,11,3.0,,No,,,,w,,,,,,
2,2,1,1,111,1111,11,3.0,,No,,,,w,,,,,,
2,2,1,2,1111,111,11,3.0,,No,,,,w,,,,,,
2,2,1,3,111,1111,11,3.0,,No,,,,w,,,,,,
3,1,0,1,1,11,1,0.0,,No,,,,gg,,,,,,
3,1,0,2,1,11,1,0.0,,No,,,,gg,,,,,,
3,1,0,3,1,11,1,4.0,,No,,,,gg,,,,,,
3,1,0,4,1,11,1,4.0,,No,,,,gg,,,,,,
3,1,0,5,1,11,1,4.0,,No,,,,gg,,,,,,
3,1,0,6,1,11,1,4.0,,No,,,,gg,,,,,,
3,1,1,1,11,1,11,4.0,,No,,,,gg,,,,,,
3,1,1,2,11,1,11,4.0,,No,,,,gg,,,,,,
3,1,1,3,11,1,11,4.0,,No,,,,gg,,,,,,
3,1,1,4,11,1,11,4.0,,No,,,,gg,,,,,,
3,1,1,5,11,1,11,4.0,,No,,,,gg,,,,,,
3,1,1,6,11,1,11,4.0,,No,,,,gg,,,,,,
3,1,2,1,1,11,1,0.0,,Yes,Bowled,,,gg,,,,,,
3,1,2,2,111,1,1,0.0,,Yes,Bowled,,,gg,,,,,,
3,1,2,3,11,1,1,0.0,,Yes,Bowled,,,gg,,,,,,
3,1,2,4,111,1,1,0.0,,Yes,Bowled,,,gg,,,,,,
3,1,2,5,11,1,1,0.0,,Yes,Bowled,,,gg,,,,,,
3,1,2,6,111,1,1,0.0,,Yes,Bowled,,,gg,,,,,,
3,1,3,1,1,11,11,0.0,,Yes,Bowled,,,gg,,,,,,
3,1,3,2,111,1,11,0.0,,Yes,Bowled,,,gg,,,,,,
3,1,3,3,11,1,11,0.0,,Yes,Bowled,,,gg,,,,,,
3,1,3,4,111,1,11,0.0,,Yes,Bowled,,,gg,,,,,,
3,2,0,1,1,11,1,0.0,,No,,,,q,,,,,,
3,2,0,2,1,11,1,2.0,,No,,,,q,,,,,,
3,2,0,3,1,11,1,2.0,,No,,,,q,,,,,,
3,2,0,4,1,11,1,2.0,,No,,,,q,,,,,,
3,2,0,5,1,11,1,2.0,,No,,,,q,,,,,,
3,2,0,6,1,11,1,2.0,,No,,,,q,,,,,,
3,2,1,1,11,1,11,2.0,,No,,,,q,,,,,,
3,2,1,2,11,1,11,2.0,,No,,,,q,,,,,,
3,2,1,3,11,1,11,6.0,,No,,,,q,,,,,,
3,2,1,4,11,1,11,6.0,,No,,,,q,,,,,,
3,2,1,5,11,1,11,6.0,,No,,,,q,,,,,,
3,2,1,6,11,1,11,6.0,,No,,,,q,,,,,,
3,2,2,1,1,11,1,6.0,,No,,,,q,,,,,,
5,2,0,1,1111,11111,1,0.0,,No,,,,ggd,,,,,,
5,2,0,2,1111,11111,1,1.0,,No,,,,ggd,,,,,,
5,2,0,3,11111,1111,1,1.0,,No,,,,ggd,,,,,,
5,2,0,4,1111,11111,1,1.0,,No,,,,ggd,,,,,,
5,2,0,5,11111,1111,1,0.0,,Yes,Bowled,,,ggd,,,,,,
5,2,0,6,111111,1111,1,0.0,,Yes,Bowled,,,ggd,,,,,,
5,2,1,1,1111,11111,11,0.0,,Yes,Bowled,,,ggd,,,,,,
5,2,1,2,111111,1111,11,0.0,,Yes,Bowled,,,ggd,,,,,,
5,2,1,3,11111,1111,11,0.0,,Yes,Bowled,,,ggd,,,,,,
5,2,1,4,111111,1111,11,0.0,,Yes,Bowled,,,ggd,,,,,,
5,2,1,5,11111,1111,11,0.0,,Yes,Bowled,,,ggd,,,,,,
5,2,1,6,111111,1111,11,0.0,,Yes,Bowled,,,ggd,,,,,,
5,2,2,1,1111,11111,1,0.0,,Yes,Bowled,,,ggd,,,,,,
5,2,2,2,111111,1111,1,0.0,,Yes,Bowled,,,ggd,,,,,,
2,2,1,6,1111,111,11,0.0,,No,,,,w,,,,,,
2,2,2,1,111,1111,1,0.0,,No,,,,w,,,,,,
2,2,2,2,111,1111,111,0.0,,No,,,,w,,,,,,
2,2,2,3,111,1111,111,4.0,,No,,,,w,,,,,,
2,2,2,4,111,1111,111,4.0,,No,,,,w,,,,,,
2,2,2,5,111,1111,111,4.0,,No,,,,w,,,,,,
6,1,0,1,1,11,111,0.0,,No,,,,q,,,,,,
6,1,0,2,1,11,111,0.0,,No,,,,q,,,,,,
6,1,0,3,1,11,111,2.0,,No,,,,q,,,,,,
6,1,0,4,1,11,111,2.0,,No,,,,q,,,,,,
6,1,0,5,1,11,111,0.0,,Yes,Bowled,,,q,,,,,,
6,1,0,6,111,1,111,0.0,,Yes,Bowled,,,q,,,,,,
6,1,1,1,1,11,1111,0.0,,Yes,Bowled,,,q,,,,,,
6,1,1,2,111,1,1111,0.0,,Yes,Bowled,,,q,,,,,,
6,1,1,3,11,1,1111,0.0,,Yes,Bowled,,,q,,,,,,
6,1,1,4,111,1,1111,0.0,,Yes,Bowled,,,q,,,,,,
6,1,1,5,11,1,1111,0.0,,Yes,Bowled,,,q,,,,,,
6,1,1,6,111,1,1111,0.0,,Yes,Bowled,,,q,,,,,,
6,1,2,1,1,11,111,0.0,,Yes,Bowled,,,q,,,,,,
6,1,2,2,111,1,111,0.0,,Yes,Bowled,,,q,,,,,,
6,2,0,1,111,1111,1,0.0,,No,,,,w,,,,,,
6,2,0,2,111,1111,1,0.0,,Yes,Bowled,,,w,,,,,,
6,2,0,3,11111,111,1,0.0,,Yes,Bowled,,,w,,,,,,
6,2,0,4,1111,111,1,0.0,,Yes,Bowled,,,w,,,,,,
6,2,0,5,11111,111,1,0.0,,Yes,Bowled,,,w,,,,,,
6,2,0,6,1111,111,1,0.0,,Yes,Bowled,,,w,,,,,,
6,2,1,1,111,1111,11,0.0,,Yes,Bowled,,,w,,,,,,
6,2,1,2,11111,111,11,0.0,,Yes,Bowled,,,w,,,,,,
6,2,1,3,1111,111,11,0.0,,Yes,Bowled,,,w,,,,,,
6,2,1,4,11111,111,11,0.0,,Yes,Bowled,,,w,,,,,,
6,2,1,5,1111,111,11,0.0,,Yes,Bowled,,,w,,,,,,
7,1,0,1,ww,wwe,roope,4.0,,No,,,,roopendra,,,,,,
7,1,0,2,ww,wwe,roope,4.0,,No,,,,roopendra,,,,,,
7,1,0,3,ww,wwe,roope,4.0,No Ball,No,,,,roopendra,,,,,,
7,1,0,4,ww,wwe,roope,6.0,,No,,,,roopendra,,,,,,
7,1,0,5,ww,wwe,roope,6.0,,No,,,,roopendra,,,,,,
9,1,0,1,b,bb,c,6.0,,No,,,,1,,,,,,
9,1,0,2,b,bb,c,6.0,,No,,,,1,,,,,,
9,1,0,3,b,bb,c,4.0,,No,,,,1,,,,,,
9,1,0,4,b,bb,c,4.0,,No,,,,1,,,,,,
9,1,0,5,b,bb,c,4.0,,No,,,,1,,,,,,
9,1,0,6,b,bb,c,4.0,,No,,,,1,,,,,,
9,2,0,1,c,cc,b,0.0,,No,,,,2,,,,,,
9,2,0,2,c,cc,b,6.0,,No,,,,2,,,,,,
9,2,0,3,c,cc,b,6.0,,No,,,,2,,,,,,
9,2,0,4,c,cc,b,6.0,,No,,,,2,,,,,,
9,2,0,5,c,cc,b,6.0,,No,,,,2,,,,,,
9,2,0,6,c,cc,b,6.0,,No,,,,2,,,,,,
10,1,0,1,1,11,1,0.0,,No,,,,kk,,,,,,
10,1,0,2,1,11,1,0.0,,No,,,,kk,,,,,,
10,1,0,3,1,11,1,0.0,,No,,,,kk,,,,,,
10,1,0,4,1,11,1,6.0,,No,,,,kk,,,,,,
10,1,0,5,1,11,1,6.0,,No,,,,kk,,,,,,
10,1,0,6,1,11,1,6.0,,No,,,,kk,,,,,,
10,2,0,1,1,11,1,0.0,,No,,,,gg,,,,,,
10,2,0,2,1,11,1,0.0,,No,,,,gg,,,,,,
10,2,0,3,1,11,1,0.0,,No,,,,gg,,,,,,
10,2,0,4,1,11,1,0.0,,No,,,,gg,,,,,,
10,2,0,5,1,11,1,0.0,,No,,,,gg,,,,,,
10,2,0,6,1,11,1,0.0,,No,,,,gg,,,,,,
11,1,0,1,1,11,1,6.0,,,,,,kk,,,,,,
11,1,0,2,1,11,1,1.0,No Ball,,,,,kk,,,,,,
11,1,0,3,1,11,1,0.0,,Yes,Bowled,,,kk,,,,,,
11,1,0,4,1,11,1,1.0,Wide,,,,,kk,,,,,,
11,1,0,3,1,11,1,1.0,Wide,,,,,kk,,,,,,
11,1,0,3,1,11,1,1.0,,,,,,kk,,,,,,
11,1,0,4,1,11,1,7.0,No Ball,,,,,kk,,,,,,
11,1,0,4,1,11,1112,0.0,,Yes,Bowled,,,kk,,,,,,
11,1,0,5,1,11,1112,0.0,,Yes,Caught,,,kk,,,,,,
11,1,0,6,11,1,1112,1.0,,,,,,kk,,,,,,
11,1,1,1,11,1,111,7.0,No Ball,,,,,kk,,,,,,
11,1,1,1,11,1,111,1.0,,,,,,kk,,,,,,
11,1,1,2,11,1,111,1.0,,,,,,kk,,,,,,
11,1,1,3,11,1,111,1.0,,,,,,kk,,,,,,
11,1,1,4,11,1,111,1.0,,,,,,kk,,,,,,
11,1,1,5,11,1,111,1.0,,,,,,kk,,,,,,
11,1,1,6,11,1,111,0.0,,,,,,kk,,,,,,
11,1,2,1,11,1,111,2.0,,,,,,kk,,,,,,
11,1,2,2,11,1,111,1.0,,,,,,kk,,,,,,
11,1,2,3,11,1,111,1.0,,,,,,kk,,,,,,
11,1,2,4,11,1,1112,3.0,,,,,,kk,,,,,,
11,1,2,5,11,1,1112,2.0,,,,,,kk,,,,,,
11,1,2,6,11,1,1112,1.0,,,,,,kk,,,,,,
11,1,3,1,11,1,1112,1.0,,,,,,kk,,,,,,
11,1,3,2,1,11,1,1.0,,,,,,kk,,,,,,
11,1,3,3,1,11,1,1.0,,,,,,kk,,,,,,
11,1,3,4,11,1,1,1.0,,,,,,kk,,,,,,
11,1,3,5,1,11,1,1.0,,,,,,kk,,,,,,
11,1,3,6,11,1,1,2.0,,,,,,kk,,,,,,
11,1,4,1,1,11,1112,1.0,,,,,,kk,,,,,,
11,1,4,2,11,1,1112,1.0,,,,,,kk,,,,,,
11,1,4,3,1,11,1112,1.0,,,,,,kk,,,,,,
11,1,4,4,11,1,1112,1.0,,,,,,kk,,,,,,
11,1,4,5,1,11,1112,1.0,,,,,,kk,,,,,,
11,1,4,6,1,11,111,2.0,,,,,,kk,,,,,,
11,1,5,1,1,11,111,1.0,,,,,,kk,,,,,,
11,1,5,2,111,1,1112,2.0,,,,,,kk,,,,,,
11,1,5,3,111,1,1112,1.0,,,,,,kk,,,,,,
11,1,5,4,1,111,1112,1.0,,,,,,kk,,,,,,
11,1,5,5,111,1,111,1.0,,,,,,kk,,,,,,
11,1,5,6,1,111,1112,0.0,,Yes,Bowled,,,kk,,,,,,
11,1,6,1,1,111,1112,0.0,,Yes,Bowled,,,kk,,,,,,
11,1,6,2,111,1,1112,1.0,,,,,,kk,,,,,,
11,1,6,3,1,111,1112,1.0,,,,,,kk,,,,,,
11,1,6,4,111,1,1112,1.0,,,,,,kk,,,,,,
11,1,6,5,1,111,1112,1.0,,,,,,kk,,,,,,
11,1,6,5,1,111,1112,1.0,,,,,,kk,,,,,,
11,1,5,2,11,1,111,1.0,Leg Bye,,,,,kk,,,,,,
11,1,7,2,111,1,111,1.0,Bye,,,,,kk,,,,,,
12,1,0,1,vishnu,vishnu2,vishnu1,6.0,,,,,,lillly,,,,,,
12,1,0,2,vishnu,vishnu2,vishnu1,6.0,,,,,,lillly,,,,,,
12,1,0,3,vishnu,vishnu2,vishnu1,6.0,,,,,,lillly,,,,,,
12,1,0,4,vishnu,vishnu2,vishnu1,6.0,,,,,,lillly,,,,,,
12,1,0,5,vishnu,vishnu2,vishnu1,6.0,,,,,,lillly,,,,,,
12,1,0,6,vishnu,vishnu2,vishnu1,6.0,,,,,,lillly,,,,,,
12,2,0,1,vishnu1,vishnu12,vishnu2,6.0,,,,,,lally,,,,,,
12,2,0,2,vishnu1,vishnu12,vishnu2,6.0,,,,,,lally,,,,,,
12,2,0,3,vishnu1,vishnu12,vishnu2,6.0,,,,,,lally,,,,,,
12,2,0,4,vishnu1,vishnu12,vishnu2,6.0,,,,,,lally,,,,,,
12,2,0,5,vishnu1,vishnu12,vishnu2,6.0,,,,,,lally,,,,,,
12,2,0,6,vishnu1,vishnu12,vishnu2,4.0,,,,,,lally,,,,,,
13,1,0,1,49,49,53,0.0,,No,,,,19,2026-03-10T17:58:48.840Z,,,,,
13,1,0,2,49,50,53,1.0,,No,,,,19,2026-03-10T17:58:57.657Z,,,,,
13,1,0,3,49,50,52,1.0,,No,,,,19,2026-03-11T05:48:32.877Z,,,,,
13,1,0,4,49,50,52,1.0,,No,,,,19,2026-03-11T05:48:35.830Z,,,,,
13,1,0,5,49,50,52,0.0,Wide,No,,,,19,2026-03-11T05:48:47.568Z,,,,,
13,1,0,5,49,50,52,0.0,Wide,No,,,,19,2026-03-11T05:48:50.399Z,,,,,
13,1,0,5,49,50,52,0.0,No,No,,,,19,2026-03-11T05:49:11.545Z,,,,,
13,1,0,6,49,50,52,0.0,No,No,,,,19,2026-03-11T05:49:12.904Z,,,,,
13,1,1,1,49,50,52,0.0,No,No,,,,19,2026-03-11T05:49:23.313Z,,,,,
13,1,1,2,Unknown,Unknown,Unknown,0.0,Wide,No,,,,19,2026-03-11T06:00:30.193Z,,,,,
13,1,1,2,Unknown,Unknown,Unknown,0.0,Wide,No,,,,19,2026-03-11T06:00:35.187Z,,,,,
13,1,1,2,Unknown,Unknown,Unknown,0.0,No,No,,,,19,2026-03-11T06:00:43.371Z,,,,,
13,1,1,3,Unknown,Unknown,Unknown,0.0,No,No,,,,19,2026-03-11T06:00:44.536Z,,,,,
13,1,1,4,Unknown,Unknown,Unknown,1.0,Bye,No,,,,19,2026-03-11T06:00:50.441Z,,,,,
13,1,1,5,Unknown,Unknown,Unknown,1.0,Bye,No,,,,19,2026-03-11T06:00:51.794Z,,,,,
13,1,1,6,Unknown,Unknown,Unknown,1.0,Leg,No,,,,19,2026-03-11T06:00:53.667Z,,,,,
13,1,2,1,Unknown,Unknown,Unknown,0.0,Wide,No,,,,19,2026-03-11T06:19:02.401Z,,,,,
13,1,2,1,Unknown,Unknown,Unknown,0.0,Wide,No,,,,19,2026-03-11T06:19:04.134Z,,,,,
13,1,2,1,Unknown,Unknown,Unknown,0.0,Wide,No,,,,19,2026-03-11T06:19:04.541Z,,,,,
13,1,2,1,Unknown,Unknown,Unknown,0.0,Wide,No,,,,19,2026-03-11T06:19:04.725Z,,,,,
13,1,2,1,Unknown,Unknown,Unknown,0.0,Wide,No,,,,19,2026-03-11T06:19:04.893Z,,,,,
13,1,2,1,Unknown,Unknown,Unknown,0.0,Wide,No,,,,19,2026-03-11T06:19:05.048Z,,,,,
13,1,2,1,Unknown,Unknown,Unknown,0.0,Wide,No,,,,19,2026-03-11T06:19:05.252Z,,,,,
13,1,2,1,Unknown,Unknown,Unknown,0.0,Wide,No,,,,19,2026-03-11T06:19:05.476Z,,,,,
13,1,2,1,Unknown,Unknown,Unknown,0.0,Wide,No,,,,19,2026-03-11T06:19:06.246Z,,,,,
13,1,2,1,Unknown,Unknown,Unknown,0.0,Wide,No,,,,19,2026-03-11T06:19:09.494Z,,,,,
13,1,0,1,49,50,52,,,No,,,,19,2026-03-11T06:22:12.329Z,0.0,0.0,No,No,Yes
13,1,0,2,49,50,52,,,No,,,,19,2026-03-11T06:22:15.205Z,1.0,0.0,No,No,Yes
13,1,0,3,50,49,52,,,No,,,,19,2026-03-11T06:22:21.140Z,2.0,0.0,No,No,Yes
13,1,0,4,50,49,52,,,No,,,,19,2026-03-11T06:22:24.168Z,2.0,0.0,No,No,Yes
13,1,0,5,50,49,52,,,No,,,,19,2026-03-11T06:22:27.431Z,6.0,0.0,No,No,Yes
13,1,0,5,50,49,52,,,No,,,,19,2026-03-11T06:22:51.267Z,0.0,1.0,Yes,No,No
13,1,0,5,50,49,52,,,No,,,,19,2026-03-11T06:23:06.280Z,0.0,2.0,Yes,No,No
13,1,1,0,50,49,52,,,No,,,,19,2026-03-11T06:23:35.995Z,1.0,1.0,No,Yes,Yes
13,1,1,0,50,49,54,,,No,,,,19,2026-03-11T06:23:57.243Z,0.0,1.0,Yes,No,No
13,1,1,0,50,49,54,,,No,,,,19,2026-03-11T06:24:07.791Z,0.0,2.0,Yes,No,No
13,1,1,1,50,49,54,,,No,,,,19,2026-03-11T06:24:13.225Z,1.0,0.0,No,No,Yes
13,1,1,2,49,50,54,,,No,,,,19,2026-03-11T06:24:19.674Z,1.0,1.0,No,Yes,Yes
13,1,1,3,50,49,54,,,No,,,,19,2026-03-11T06:25:19.445Z,0.0,1.0,No,Yes,Yes
13,1,1,3,50,49,54,,,No,,,,19,2026-03-11T06:29:31.305Z,1.0,1.0,Yes,No,No
13,1,1,3,49,50,54,,,No,,,,19,2026-03-11T06:29:49.734Z,2.0,1.0,Yes,No,No
13,1,1,3,49,50,54,,,No,,,,19,2026-03-11T06:30:01.799Z,3.0,1.0,Yes,No,No
13,1,1,4,50,49,54,,,No,,,,19,2026-03-11T06:30:14.098Z,1.0,1.0,No,Yes,Yes
13,1,1,5,49,50,54,,,No,,,,19,2026-03-11T06:30:25.921Z,1.0,1.0,No,Yes,Yes
13,1,2,0,50,49,54,,,No,,,,19,2026-03-11T06:30:31.957Z,6.0,0.0,No,No,Yes
13,1,0,3,50,51,53,,,No,Byes,,,19,2026-03-11T06:34:23.940Z,0.0,1.0,No,No,Yes
13,1,0,4,51,50,53,,,No,Byes,,,19,2026-03-11T06:34:41.262Z,0.0,1.0,No,No,Yes
13,1,0,4,50,51,53,,,No,,,,19,2026-03-11T06:34:50.120Z,0.0,1.0,Yes,No,No
13,1,0,4,50,51,53,,,No,,,,19,2026-03-11T06:34:57.377Z,0.0,1.0,Yes,No,No
13,1,0,4,50,51,53,,,No,,,,19,2026-03-11T06:35:04.006Z,0.0,1.0,Yes,No,No
13,1,0,4,50,51,53,,,No,,,,19,2026-03-11T06:35:08.637Z,0.0,1.0,Yes,No,No
13,1,0,4,50,51,53,,,No,,,,19,2026-03-11T06:35:12.116Z,0.0,1.0,Yes,No,No
13,1,0,4,50,51,53,,,No,,,,19,2026-03-11T06:35:18.141Z,0.0,1.0,No,Yes,No
13,1,0,4,50,51,53,,,No,,,,19,2026-03-11T06:35:21.665Z,0.0,1.0,No,Yes,No
13,1,0,4,50,51,53,,,No,,,,19,2026-03-11T06:35:24.268Z,0.0,1.0,No,Yes,No
13,1,0,4,50,51,53,,,No,,,,19,2026-03-11T06:35:27.468Z,0.0,1.0,No,Yes,No
13,1,0,5,50,51,53,,,No,,,,19,2026-03-11T06:35:44.613Z,6.0,0.0,No,No,Yes
13,1,1,0,50,51,53,,,No,,,,19,2026-03-11T06:35:47.259Z,6.0,0.0,No,No,Yes
13,1,2,5,50,51,53,,,No,,,,20,2026-03-11T07:05:40.737Z,6.0,0.0,No,No,Yes
13,1,3,0,50,51,53,,,No,,,,20,2026-03-11T07:05:41.565Z,6.0,0.0,No,No,Yes
14,1,0,1,52,53,50,,,No,,,,20,2026-03-11T07:07:20.664Z,6.0,0.0,No,No,Yes
14,1,0,2,52,53,50,,,No,,,,20,2026-03-11T07:07:21.384Z,6.0,0.0,No,No,Yes
14,1,0,3,52,53,50,,,No,,,,20,2026-03-11T07:07:21.992Z,6.0,0.0,No,No,Yes
14,1,0,4,52,53,50,,,No,,,,20,2026-03-11T07:07:22.541Z,6.0,0.0,No,No,Yes
14,1,0,5,52,53,50,,,No,,,,20,2026-03-11T07:07:23.122Z,6.0,0.0,No,No,Yes
14,1,1,0,52,53,50,,,No,,,,20,2026-03-11T07:07:23.853Z,6.0,0.0,No,No,Yes
14,1,1,1,53,52,51,,,No,,,,20,2026-03-11T07:07:38.460Z,6.0,0.0,No,No,Yes
14,1,1,2,53,52,51,,,No,,,,20,2026-03-11T07:07:38.972Z,6.0,0.0,No,No,Yes
14,1,1,3,53,52,51,,,No,,,,20,2026-03-11T07:07:39.195Z,6.0,0.0,No,No,Yes
14,1,1,4,53,52,51,,,No,,,,20,2026-03-11T07:07:39.408Z,6.0,0.0,No,No,Yes
14,1,1,5,53,52,51,,,No,,,,20,2026-03-11T07:07:39.609Z,6.0,0.0,No,No,Yes
14,1,2,0,53,52,51,,,No,,,,20,2026-03-11T07:07:39.797Z,6.0,0.0,No,No,Yes
14,1,2,1,52,53,50,,,No,,,,20,2026-03-11T07:07:59.254Z,4.0,0.0,No,No,Yes
14,1,2,2,52,53,50,,,No,,,,20,2026-03-11T07:08:00.817Z,6.0,0.0,No,No,Yes
14,1,2,3,52,53,50,,,No,,,,20,2026-03-11T07:08:02.022Z,4.0,0.0,No,No,Yes
15,1,0,1,52,53,50,,,No,,,,20,2026-03-11T07:09:13.042Z,4.0,0.0,No,No,Yes
15,1,0,2,52,53,50,,,No,,,,20,2026-03-11T07:09:14.387Z,4.0,0.0,No,No,Yes
15,1,0,3,52,53,50,,,No,,,,20,2026-03-11T07:09:15.087Z,4.0,0.0,No,No,Yes
15,1,0,4,52,53,50,,,No,,,,20,2026-03-11T07:09:15.774Z,4.0,0.0,No,No,Yes
15,1,0,5,52,53,50,,,No,,,,20,2026-03-11T07:09:16.320Z,4.0,0.0,No,No,Yes
15,1,1,0,52,53,50,,,No,,,,20,2026-03-11T07:09:16.866Z,4.0,0.0,No,No,Yes
15,1,1,1,53,52,51,,,No,,,,20,2026-03-11T07:09:21.872Z,6.0,0.0,No,No,Yes
15,1,1,2,53,52,51,,,No,,,,20,2026-03-11T07:09:22.402Z,6.0,0.0,No,No,Yes
15,1,1,3,53,52,51,,,No,,,,20,2026-03-11T07:09:22.930Z,6.0,0.0,No,No,Yes
15,1,1,4,53,52,51,,,No,,,,20,2026-03-11T07:09:23.425Z,6.0,0.0,No,No,Yes
15,1,1,5,53,52,51,,,No,,,,20,2026-03-11T07:09:24.002Z,6.0,0.0,No,No,Yes
15,1,2,0,53,52,51,,,No,,,,20,2026-03-11T07:09:24.472Z,6.0,0.0,No,No,Yes
15,2,0,1,53,52,51,,,No,,,,19,2026-03-11T07:19:00.957Z,6.0,0.0,No,No,Yes
15,2,0,2,50,51,52,,,No,,,,19,2026-03-11T07:19:15.730Z,6.0,0.0,No,No,Yes
15,2,0,3,50,51,52,,,No,,,,19,2026-03-11T07:19:16.369Z,6.0,0.0,No,No,Yes
15,2,0,4,50,51,52,,,No,,,,19,2026-03-11T07:19:16.823Z,6.0,0.0,No,No,Yes
15,2,0,5,50,51,52,,,No,,,,19,2026-03-11T07:19:17.292Z,6.0,0.0,No,No,Yes
15,2,1,0,50,51,52,,,No,,,,19,2026-03-11T07:19:17.732Z,6.0,0.0,No,No,Yes
15,2,1,1,51,50,53,,,No,,,,19,2026-03-11T07:19:38.433Z,6.0,0.0,No,No,Yes
15,2,1,2,51,50,53,,,No,,,,19,2026-03-11T07:19:39.260Z,6.0,0.0,No,No,Yes
15,2,1,3,51,50,53,,,No,,,,19,2026-03-11T07:19:40.117Z,6.0,0.0,No,No,Yes
15,2,1,4,51,50,53,,,No,,,,19,2026-03-11T07:19:40.940Z,6.0,0.0,No,No,Yes
15,2,1,5,51,50,53,,,No,,,,19,2026-03-11T07:19:41.892Z,6.0,0.0,No,No,Yes
